<?xml version = '1.0' encoding = 'UTF-8'?>
<!DOCTYPE properties SYSTEM "http://java.sun.com/dtd/properties.dtd">
<properties>
   <entry key="CUSTOMERDATA.EPSEWERAI_CR_INSPECT.PIPE_USE:db_column_size">50</entry>
   <entry key="CUSTOMERDATA.EPSEWERAI_CR_INSPECT.WALL_BYSIZE:db_column_precision">38</entry>
   <entry key="CUSTOMERDATA.EPSEWERAI_CR_INSPECT.PIP_TYPE:db_column_size">200</entry>
   <entry key="CUSTOMERDATA.EPSEWERAI_CR_INSPECT.HEIGHT:db_column_precision">38</entry>
   <entry key="CUSTOMERDATA.EPSEWERAI_CR_INSPECT.PIPE_SEGMENT_REFERENCE:db_column_size">15</entry>
   <entry key="CUSTOMERDATA.EPSEWERAI_CR_INSPECT.PROJECT:db_column_type">VARCHAR2</entry>
   <entry key="CUSTOMERDATA.EPSEWERAI_CR_INSPECT.UNKNOWN_TYPE:db_column_not_null">false</entry>
   <entry key="CUSTOMERDATA.EPSEWERAI_CR_INSPECT.UP_ELEVATION:db_column_not_null">false</entry>
   <entry key="CUSTOMERDATA.EPSEWERAI_CR_INSPECT.INSPECTION_TYPE:db_column_size">5</entry>
   <entry key="CUSTOMERDATA.EPSEWERAI_CR_INSPECT.WORK_ORDER_UUID:db_column_type">VARCHAR2</entry>
   <entry key="CUSTOMERDATA.EPSEWERAI_CR_INSPECT.DOWN_ELEVATION:db_column_type">NUMBER</entry>
   <entry key="CUSTOMERDATA.EPSEWERAI_CR_INSPECT.DOWN_ELEVATION:db_column_scale">0</entry>
   <entry key="CUSTOMERDATA.EPSEWERAI_CR_INSPECT.UNKNOWN_TYPE:db_column_precision">38</entry>
   <entry key="CUSTOMERDATA.EPSEWERAI_CR_INSPECT.FEED_STATUS:db_column_size">50</entry>
   <entry key="CUSTOMERDATA.EPSEWERAI_CR_INSPECT.ACCESS_TYPE:db_column_not_null">false</entry>
   <entry key="CUSTOMERDATA.EPSEWERAI_CR_INSPECT.UNKNOWN_TYPE:db_column_scale">0</entry>
   <entry key="CUSTOMERDATA.EPSEWERAI_CR_INSPECT.CHANNEL_MATERIAL:db_column_type">VARCHAR2</entry>
   <entry key="CUSTOMERDATA.EPSEWERAI_CR_INSPECT.DRAINAGE_AREA:db_column_not_null">false</entry>
   <entry key="CUSTOMERDATA.EPSEWERAI_CR_INSPECT.DRAINAGE_AREA:db_column_type">VARCHAR2</entry>
   <entry key="CUSTOMERDATA.EPSEWERAI_CR_INSPECT.FACILITYOI:db_column_precision">38</entry>
   <entry key="CUSTOMERDATA.EPSEWERAI_CR_INSPECT.WALL_MATERIAL:db_column_not_null">false</entry>
   <entry key="CUSTOMERDATA.EPSEWERAI_CR_INSPECT.WALL_MATERIAL:db_column_type">VARCHAR2</entry>
   <entry key="CUSTOMERDATA.EPSEWERAI_CR_INSPECT.COVER_SHAPE:db_column_type">VARCHAR2</entry>
   <entry key="CUSTOMERDATA.EPSEWERAI_CR_INSPECT.DOWNSTREAM_MH:db_column_type">VARCHAR2</entry>
   <entry key="CUSTOMERDATA.EPSEWERAI_CR_INSPECT.PROJECT:db_column_size">503</entry>
   <entry key="CUSTOMERDATA.EPSEWERAI_CR_INSPECT.ADDITIONAL_INFORMATION:db_column_type">CLOB</entry>
   <entry key="CUSTOMERDATA.EPSEWERAI_CR_INSPECT.ELEVATION:db_column_not_null">false</entry>
   <entry key="CUSTOMERDATA.EPSEWERAI_CR_INSPECT.PIPE_SEGMENT_REFERENCE:db_column_not_null">false</entry>
   <entry key="CUSTOMERDATA.EPSEWERAI_CR_INSPECT.ADDITIONAL_INFORMATION:db_column_not_null">false</entry>
   <entry key="CUSTOMERDATA.EPSEWERAI_CR_INSPECT.YEAR_CONSTRUCTED:db_column_scale">0</entry>
   <entry key="CUSTOMERDATA.EPSEWERAI_CR_INSPECT.WORK_ORDER_UUID:db_column_size">36</entry>
   <entry key="CUSTOMERDATA.EPSEWERAI_CR_INSPECT.DOWN_GRADE_TO_INVERT:db_column_scale">0</entry>
   <entry key="CUSTOMERDATA.EPSEWERAI_CR_INSPECT.HEIGHT:db_column_type">NUMBER</entry>
   <entry key="CUSTOMERDATA.EPSEWERAI_CR_INSPECT.STREET:db_column_type">VARCHAR2</entry>
   <entry key="CUSTOMERDATA.EPSEWERAI_CR_INSPECT.FACILITY_ID:db_column_type">VARCHAR2</entry>
   <entry key="CUSTOMERDATA.EPSEWERAI_CR_INSPECT.DOWN_ELEVATION:db_column_precision">38</entry>
   <entry key="CUSTOMERDATA.EPSEWERAI_CR_INSPECT.PROJECT_SID:db_column_not_null">false</entry>
   <entry key="CUSTOMERDATA.EPSEWERAI_CR_INSPECT.CHANNEL_MATERIAL:db_column_size">20</entry>
   <entry key="CUSTOMERDATA.EPSEWERAI_CR_INSPECT.DRAINAGE_AREA:db_column_size">200</entry>
   <entry key="CUSTOMERDATA.EPSEWERAI_CR_INSPECT.YEAR_CONSTRUCTED:db_column_not_null">false</entry>
   <entry key="CUSTOMERDATA.EPSEWERAI_CR_INSPECT.TOTAL_LENGTH:db_column_scale">0</entry>
   <entry key="CUSTOMERDATA.EPSEWERAI_CR_INSPECT.WALL_MATERIAL:db_column_size">20</entry>
   <entry key="CUSTOMERDATA.EPSEWERAI_CR_INSPECT.COVER_SHAPE:db_column_size">20</entry>
   <entry key="CUSTOMERDATA.EPSEWERAI_CR_INSPECT.DOWNSTREAM_MH:db_column_size">15</entry>
   <entry key="CUSTOMERDATA.EPSEWERAI_CR_INSPECT.LASTUPDATE_DTTM:db_column_not_null">false</entry>
   <entry key="CUSTOMERDATA.EPSEWERAI_CR_INSPECT.PIP_TYPE:db_column_not_null">false</entry>
   <entry key="CUSTOMERDATA.EPSEWERAI_CR_INSPECT.WORKORDER:db_column_type">VARCHAR2</entry>
   <entry key="CUSTOMERDATA.EPSEWERAI_CR_INSPECT.ELEVATION:db_column_precision">38</entry>
   <entry key="CUSTOMERDATA.EPSEWERAI_CR_INSPECT.INSPECTION_TYPE:db_column_not_null">false</entry>
   <entry key="CUSTOMERDATA.EPSEWERAI_CR_INSPECT.FRAME_MATERIAL:db_column_type">VARCHAR2</entry>
   <entry key="CUSTOMERDATA.EPSEWERAI_CR_INSPECT.MH_USE:db_column_not_null">false</entry>
   <entry key="CUSTOMERDATA.EPSEWERAI_CR_INSPECT.YEAR_CONSTRUCTED:db_column_precision">38</entry>
   <entry key="CUSTOMERDATA.EPSEWERAI_CR_INSPECT.ACCESS_TYPE:db_column_type">VARCHAR2</entry>
   <entry key="CUSTOMERDATA.EPSEWERAI_CR_INSPECT.STREET:db_column_size">400</entry>
   <entry key="CUSTOMERDATA.EPSEWERAI_CR_INSPECT.FACILITY_ID:db_column_size">200</entry>
   <entry key="CUSTOMERDATA.EPSEWERAI_CR_INSPECT.WORKORDER:db_column_not_null">false</entry>
   <entry key="CUSTOMERDATA.EPSEWERAI_CR_INSPECT.UP_GRADE_TO_INVERT:db_column_type">NUMBER</entry>
   <entry key="CUSTOMERDATA.EPSEWERAI_CR_INSPECT.SHAPE:db_column_not_null">false</entry>
   <entry key="CUSTOMERDATA.EPSEWERAI_CR_INSPECT.WORKORDER:db_column_size">15</entry>
   <entry key="CUSTOMERDATA.EPSEWERAI_CR_INSPECT.FRAME_MATERIAL:db_column_size">100</entry>
   <entry key="CUSTOMERDATA.EPSEWERAI_CR_INSPECT.ACCESS_TYPE:db_column_size">50</entry>
   <entry key="CUSTOMERDATA.EPSEWERAI_CR_INSPECT.LATERAL_SEGMENT_REFERENCE:db_column_type">VARCHAR2</entry>
   <entry key="CUSTOMERDATA.EPSEWERAI_CR_INSPECT.UPSTREAM_MH:db_column_not_null">false</entry>
   <entry key="CUSTOMERDATA.EPSEWERAI_CR_INSPECT.UP_GRADE_TO_INVERT:db_column_precision">38</entry>
   <entry key="CUSTOMERDATA.EPSEWERAI_CR_INSPECT.UP_ELEVATION:db_column_precision">38</entry>
   <entry key="CUSTOMERDATA.EPSEWERAI_CR_INSPECT.CHANNEL_MATERIAL:db_column_not_null">false</entry>
   <entry key="CUSTOMERDATA.EPSEWERAI_CR_INSPECT.YEAR_CONSTRUCTED:db_column_type">NUMBER</entry>
   <entry key="CUSTOMERDATA.EPSEWERAI_CR_INSPECT.COVER_SHAPE:db_column_not_null">false</entry>
   <entry key="CUSTOMERDATA.EPSEWERAI_CR_INSPECT.PROJECT_SID:db_column_type">VARCHAR2</entry>
   <entry key="CUSTOMERDATA.EPSEWERAI_CR_INSPECT.FACILITY_TYPE:db_column_scale">0</entry>
   <entry key="CUSTOMERDATA.EPSEWERAI_CR_INSPECT.WALL_BYSIZE:db_column_scale">0</entry>
   <entry key="CUSTOMERDATA.EPSEWERAI_CR_INSPECT.WALL_DEPTH:db_column_scale">0</entry>
   <entry key="CUSTOMERDATA.EPSEWERAI_CR_INSPECT.DOWNSTREAM_MH:db_column_not_null">false</entry>
   <entry key="CUSTOMERDATA.EPSEWERAI_CR_INSPECT.UNKNOWN_TYPE:db_column_type">NUMBER</entry>
   <entry key="CUSTOMERDATA.EPSEWERAI_CR_INSPECT.FACILITY_TYPE:db_column_not_null">false</entry>
   <entry key="CUSTOMERDATA.EPSEWERAI_CR_INSPECT.WALL_BYSIZE:db_column_type">NUMBER</entry>
   <entry key="CUSTOMERDATA.EPSEWERAI_CR_INSPECT.BENCH_MATERIAL:db_column_type">VARCHAR2</entry>
   <entry key="CUSTOMERDATA.EPSEWERAI_CR_INSPECT.LATERAL_SEGMENT_REFERENCE:db_column_size">15</entry>
   <entry key="CUSTOMERDATA.EPSEWERAI_CR_INSPECT.WALL_DEPTH:db_column_precision">38</entry>
   <entry key="CUSTOMERDATA.EPSEWERAI_CR_INSPECT.FACILITYOI:db_column_scale">0</entry>
   <entry key="CUSTOMERDATA.EPSEWERAI_CR_INSPECT.DOWN_GRADE_TO_INVERT:db_column_type">NUMBER</entry>
   <entry key="CUSTOMERDATA.EPSEWERAI_CR_INSPECT.HEIGHT:db_column_not_null">false</entry>
   <entry key="CUSTOMERDATA.EPSEWERAI_CR_INSPECT.PROJECT_SID:db_column_size">36</entry>
   <entry key="CUSTOMERDATA.EPSEWERAI_CR_INSPECT.INSPECTIONID:db_column_type">VARCHAR2</entry>
   <entry key="CUSTOMERDATA.EPSEWERAI_CR_INSPECT.HEIGHT:db_column_scale">0</entry>
   <entry key="CUSTOMERDATA.EPSEWERAI_CR_INSPECT.MATERIAL:db_column_type">VARCHAR2</entry>
   <entry key="CUSTOMERDATA.EPSEWERAI_CR_INSPECT.UPSTREAM_MH:db_column_type">VARCHAR2</entry>
   <entry key="CUSTOMERDATA.EPSEWERAI_CR_INSPECT.PO_NUMBER:db_column_not_null">false</entry>
   <entry key="CUSTOMERDATA.EPSEWERAI_CR_INSPECT.LATERAL_SEGMENT_REFERENCE:db_column_not_null">false</entry>
   <entry key="CUSTOMERDATA.EPSEWERAI_CR_INSPECT:db_column_43">FEED_STATUS</entry>
   <entry key="CUSTOMERDATA.EPSEWERAI_CR_INSPECT:db_column_42">LASTUPDATE_DTTM</entry>
   <entry key="CUSTOMERDATA.EPSEWERAI_CR_INSPECT.SHAPE:db_column_type">VARCHAR2</entry>
   <entry key="CUSTOMERDATA.EPSEWERAI_CR_INSPECT.UP_GRADE_TO_INVERT:db_column_not_null">false</entry>
   <entry key="CUSTOMERDATA.EPSEWERAI_CR_INSPECT:db_column_41">CREATEDATE_DTTM</entry>
   <entry key="CUSTOMERDATA.EPSEWERAI_CR_INSPECT.FACILITYOI:db_column_not_null">false</entry>
   <entry key="CUSTOMERDATA.EPSEWERAI_CR_INSPECT:db_column_40">UNKNOWN_TYPE</entry>
   <entry key="CUSTOMERDATA.EPSEWERAI_CR_INSPECT.WALL_DEPTH:db_column_not_null">false</entry>
   <entry key="CUSTOMERDATA.EPSEWERAI_CR_INSPECT.FACILITYOI:db_column_type">NUMBER</entry>
   <entry key="CUSTOMERDATA.EPSEWERAI_CR_INSPECT.MANHOLE_NUMBER:db_column_type">VARCHAR2</entry>
   <entry key="CUSTOMERDATA.EPSEWERAI_CR_INSPECT.TOTAL_LENGTH:db_column_not_null">false</entry>
   <entry key="CUSTOMERDATA.EPSEWERAI_CR_INSPECT.STREET:db_column_not_null">false</entry>
   <entry key="CUSTOMERDATA.EPSEWERAI_CR_INSPECT.BENCH_MATERIAL:db_column_size">20</entry>
   <entry key="CUSTOMERDATA.EPSEWERAI_CR_INSPECT.UP_ELEVATION:db_column_type">NUMBER</entry>
   <entry key="CUSTOMERDATA.EPSEWERAI_CR_INSPECT:db_table_type">TABLE</entry>
   <entry key="CUSTOMERDATA.EPSEWERAI_CR_INSPECT.LASTUPDATE_DTTM:db_column_type">DATE</entry>
   <entry key="root_descriptor_alias">CUSTOMERDATA.EPSEWERAI_CR_INSPECT</entry>
   <entry key="CUSTOMERDATA.EPSEWERAI_CR_INSPECT:db_column_39">DRAINAGE_AREA</entry>
   <entry key="CUSTOMERDATA.EPSEWERAI_CR_INSPECT:db_column_38">SIZE</entry>
   <entry key="CUSTOMERDATA.EPSEWERAI_CR_INSPECT.FACILITY_TYPE:db_column_precision">38</entry>
   <entry key="CUSTOMERDATA.EPSEWERAI_CR_INSPECT:db_column_37">YEAR_CONSTRUCTED</entry>
   <entry key="CUSTOMERDATA.EPSEWERAI_CR_INSPECT:db_column_36">TOTAL_LENGTH</entry>
   <entry key="CUSTOMERDATA.EPSEWERAI_CR_INSPECT:db_column_35">STREET</entry>
   <entry key="CUSTOMERDATA.EPSEWERAI_CR_INSPECT:db_column_34">DOWN_GRADE_TO_INVERT</entry>
   <entry key="CUSTOMERDATA.EPSEWERAI_CR_INSPECT:db_column_33">DOWN_ELEVATION</entry>
   <entry key="CUSTOMERDATA.EPSEWERAI_CR_INSPECT:db_column_32">UP_GRADE_TO_INVERT</entry>
   <entry key="CUSTOMERDATA.EPSEWERAI_CR_INSPECT.MANHOLE_NUMBER:db_column_not_null">false</entry>
   <entry key="CUSTOMERDATA.EPSEWERAI_CR_INSPECT.INSPECTIONID:db_column_size">36</entry>
   <entry key="CUSTOMERDATA.EPSEWERAI_CR_INSPECT:db_column_31">UP_ELEVATION</entry>
   <entry key="CUSTOMERDATA.EPSEWERAI_CR_INSPECT:db_column_30">HEIGHT</entry>
   <entry key="CUSTOMERDATA.EPSEWERAI_CR_INSPECT.PO_NUMBER:db_column_type">VARCHAR2</entry>
   <entry key="CUSTOMERDATA.EPSEWERAI_CR_INSPECT.CREATEDATE_DTTM:db_column_type">DATE</entry>
   <entry key="CUSTOMERDATA.EPSEWERAI_CR_INSPECT.WALL_DEPTH:db_column_type">NUMBER</entry>
   <entry key="CUSTOMERDATA.EPSEWERAI_CR_INSPECT.TOTAL_LENGTH:db_column_precision">38</entry>
   <entry key="CUSTOMERDATA.EPSEWERAI_CR_INSPECT.MATERIAL:db_column_size">200</entry>
   <entry key="CUSTOMERDATA.EPSEWERAI_CR_INSPECT.UPSTREAM_MH:db_column_size">15</entry>
   <entry key="CUSTOMERDATA.EPSEWERAI_CR_INSPECT.MATERIAL:db_column_not_null">false</entry>
   <entry key="CUSTOMERDATA.EPSEWERAI_CR_INSPECT.SHAPE:db_column_size">20</entry>
   <entry key="CUSTOMERDATA.EPSEWERAI_CR_INSPECT.TOTAL_LENGTH:db_column_type">NUMBER</entry>
   <entry key="CUSTOMERDATA.EPSEWERAI_CR_INSPECT.FACILITY_TYPE:db_column_type">NUMBER</entry>
   <entry key="CUSTOMERDATA.EPSEWERAI_CR_INSPECT.PIPE_USE:db_column_not_null">false</entry>
   <entry key="CUSTOMERDATA.EPSEWERAI_CR_INSPECT.DOWN_ELEVATION:db_column_not_null">false</entry>
   <entry key="CUSTOMERDATA.EPSEWERAI_CR_INSPECT.MANHOLE_NUMBER:db_column_size">15</entry>
   <entry key="CUSTOMERDATA.EPSEWERAI_CR_INSPECT:db_column_29">FRAME_MATERIAL</entry>
   <entry key="CUSTOMERDATA.EPSEWERAI_CR_INSPECT:db_column_28">ELEVATION</entry>
   <entry key="CUSTOMERDATA.EPSEWERAI_CR_INSPECT:db_column_27">WALL_DEPTH</entry>
   <entry key="CUSTOMERDATA.EPSEWERAI_CR_INSPECT:db_column_26">WALL_BYSIZE</entry>
   <entry key="CUSTOMERDATA.EPSEWERAI_CR_INSPECT:db_column_25">CHANNEL_MATERIAL</entry>
   <entry key="CUSTOMERDATA.EPSEWERAI_CR_INSPECT:db_column_24">BENCH_MATERIAL</entry>
   <entry key="CUSTOMERDATA.EPSEWERAI_CR_INSPECT:db_column_23">WALL_MATERIAL</entry>
   <entry key="CUSTOMERDATA.EPSEWERAI_CR_INSPECT:db_column_22">MH_USE</entry>
   <entry key="CUSTOMERDATA.EPSEWERAI_CR_INSPECT:db_column_21">ACCESS_TYPE</entry>
   <entry key="CUSTOMERDATA.EPSEWERAI_CR_INSPECT.FRAME_MATERIAL:db_column_not_null">false</entry>
   <entry key="CUSTOMERDATA.EPSEWERAI_CR_INSPECT:db_column_20">SHAPE</entry>
   <entry key="CUSTOMERDATA.EPSEWERAI_CR_INSPECT:db_column_9">LATERAL_SEGMENT_REFERENCE</entry>
   <entry key="CUSTOMERDATA.EPSEWERAI_CR_INSPECT:db_column_8">PIPE_SEGMENT_REFERENCE</entry>
   <entry key="CUSTOMERDATA.EPSEWERAI_CR_INSPECT:db_column_7">ADDITIONAL_INFORMATION</entry>
   <entry key="CUSTOMERDATA.EPSEWERAI_CR_INSPECT:db_column_6">PO_NUMBER</entry>
   <entry key="CUSTOMERDATA.EPSEWERAI_CR_INSPECT.CREATEDATE_DTTM:db_column_not_null">false</entry>
   <entry key="CUSTOMERDATA.EPSEWERAI_CR_INSPECT:db_column_5">PROJECT</entry>
   <entry key="CUSTOMERDATA.EPSEWERAI_CR_INSPECT.SIZE:db_column_not_null">false</entry>
   <entry key="CUSTOMERDATA.EPSEWERAI_CR_INSPECT:db_column_4">WORKORDER</entry>
   <entry key="CUSTOMERDATA.EPSEWERAI_CR_INSPECT:db_column_3">WORK_ORDER_UUID</entry>
   <entry key="CUSTOMERDATA.EPSEWERAI_CR_INSPECT.MH_USE:db_column_type">VARCHAR2</entry>
   <entry key="CUSTOMERDATA.EPSEWERAI_CR_INSPECT:db_column_2">INSPECTIONID</entry>
   <entry key="CUSTOMERDATA.EPSEWERAI_CR_INSPECT.SIZE:db_column_type">VARCHAR2</entry>
   <entry key="CUSTOMERDATA.EPSEWERAI_CR_INSPECT:db_column_1">INSPECTION_TYPE</entry>
   <entry key="CUSTOMERDATA.EPSEWERAI_CR_INSPECT.FEED_STATUS:db_column_not_null">false</entry>
   <entry key="CUSTOMERDATA.EPSEWERAI_CR_INSPECT:db_column_0">PROJECT_SID</entry>
   <entry key="CUSTOMERDATA.EPSEWERAI_CR_INSPECT.PO_NUMBER:db_column_size">50</entry>
   <entry key="CUSTOMERDATA.EPSEWERAI_CR_INSPECT.FACILITY_ID:db_column_not_null">false</entry>
   <entry key="CUSTOMERDATA.EPSEWERAI_CR_INSPECT.BENCH_MATERIAL:db_column_not_null">false</entry>
   <entry key="CUSTOMERDATA.EPSEWERAI_CR_INSPECT.DOWN_GRADE_TO_INVERT:db_column_precision">38</entry>
   <entry key="CUSTOMERDATA.EPSEWERAI_CR_INSPECT:db_column_19">PIP_TYPE</entry>
   <entry key="CUSTOMERDATA.EPSEWERAI_CR_INSPECT:db_column_18">FACILITYOI</entry>
   <entry key="CUSTOMERDATA.EPSEWERAI_CR_INSPECT:db_column_17">FACILITY_ID</entry>
   <entry key="CUSTOMERDATA.EPSEWERAI_CR_INSPECT.ELEVATION:db_column_type">NUMBER</entry>
   <entry key="CUSTOMERDATA.EPSEWERAI_CR_INSPECT:db_column_16">FACILITY_TYPE</entry>
   <entry key="CUSTOMERDATA.EPSEWERAI_CR_INSPECT:db_column_15">DOWNSTREAM_MH</entry>
   <entry key="CUSTOMERDATA.EPSEWERAI_CR_INSPECT.PROJECT:db_column_not_null">false</entry>
   <entry key="CUSTOMERDATA.EPSEWERAI_CR_INSPECT:db_column_14">UPSTREAM_MH</entry>
   <entry key="CUSTOMERDATA.EPSEWERAI_CR_INSPECT:db_column_13">COVER_SHAPE</entry>
   <entry key="CUSTOMERDATA.EPSEWERAI_CR_INSPECT.WORK_ORDER_UUID:db_column_not_null">false</entry>
   <entry key="CUSTOMERDATA.EPSEWERAI_CR_INSPECT:db_column_12">PIPE_USE</entry>
   <entry key="CUSTOMERDATA.EPSEWERAI_CR_INSPECT:db_column_11">MATERIAL</entry>
   <entry key="CUSTOMERDATA.EPSEWERAI_CR_INSPECT:db_column_10">MANHOLE_NUMBER</entry>
   <entry key="CUSTOMERDATA.EPSEWERAI_CR_INSPECT.PIPE_USE:db_column_type">VARCHAR2</entry>
   <entry key="CUSTOMERDATA.EPSEWERAI_CR_INSPECT.WALL_BYSIZE:db_column_not_null">false</entry>
   <entry key="CUSTOMERDATA.EPSEWERAI_CR_INSPECT.PIP_TYPE:db_column_type">VARCHAR2</entry>
   <entry key="CUSTOMERDATA.EPSEWERAI_CR_INSPECT.UP_ELEVATION:db_column_scale">0</entry>
   <entry key="CUSTOMERDATA.EPSEWERAI_CR_INSPECT.PIPE_SEGMENT_REFERENCE:db_column_type">VARCHAR2</entry>
   <entry key="CUSTOMERDATA.EPSEWERAI_CR_INSPECT.INSPECTION_TYPE:db_column_type">VARCHAR2</entry>
   <entry key="CUSTOMERDATA.EPSEWERAI_CR_INSPECT.INSPECTIONID:db_column_not_null">false</entry>
   <entry key="CUSTOMERDATA.EPSEWERAI_CR_INSPECT.MH_USE:db_column_size">50</entry>
   <entry key="CUSTOMERDATA.EPSEWERAI_CR_INSPECT.ELEVATION:db_column_scale">0</entry>
   <entry key="CUSTOMERDATA.EPSEWERAI_CR_INSPECT.DOWN_GRADE_TO_INVERT:db_column_not_null">false</entry>
   <entry key="CUSTOMERDATA.EPSEWERAI_CR_INSPECT.SIZE:db_column_size">100</entry>
   <entry key="CUSTOMERDATA.EPSEWERAI_CR_INSPECT.FEED_STATUS:db_column_type">VARCHAR2</entry>
   <entry key="CUSTOMERDATA.EPSEWERAI_CR_INSPECT.UP_GRADE_TO_INVERT:db_column_scale">0</entry>
</properties>