<?xml version = '1.0' encoding = 'UTF-8'?>
<graphics>
   <diagram optimizeLayout="false" fixedWidthSwimlanes="true" roundedPartnerlinks="true" centerZoom="true" validateOnLoad="true" confirmBeforeDelete="true" selectedPartnerLinkColor="49,105,198" swimlaneBackground="240,240,240" swimlaneDividerBackground="218,218,218" graphBackground="255,255,255" selectedBorderBackground="49,105,198" connectedPartnerLinkColor="204,204,255" connectablePartnerLinkColor="0,0,255" unconnectedPartnerLinkColor="192,192,192"/>
   <annotationfile/>
   <iconize/>
   <partnerlink_locations>
      <partnerlink name="ReadWOTSewerAIData" x="0" y="90" side="left"/>
      <partnerlink name="UpdateWOTSewerAIData" x="0" y="904" side="left"/>
      <partnerlink name="SewerAIVideos" x="0" y="2549" side="left"/>
      <partnerlink name="ExportInspectUpdate_sp" x="0" y="1891" side="left"/>
      <partnerlink name="ReadCRInspect" x="0" y="1044" side="left"/>
      <partnerlink name="ExportWOTUpdate_sp" x="0" y="328" side="left"/>
      <partnerlink name="UpdateCRInspectStatus" x="0" y="2859" side="left"/>
      <partnerlink name="SewerAIProjects" x="2694" y="712" side="right"/>
   </partnerlink_locations>
   <graph_layout viewport="0,2415,2024,810" show_swimlanes="true">
      <layout_item collapsed="false" xpath="/process" type="process" showhandlers="true"/>
      <layout_item collapsed="false" xpath="/process/sequence" type="sequence"/>
      <layout_item collapsed="false" xpath="/process/sequence/scope" type="scope" showhandlers="true"/>
      <layout_item collapsed="false" xpath="/process/sequence/scope/faultHandlers/catchAll" type="catchall"/>
      <layout_item collapsed="false" xpath="/process/sequence/scope/faultHandlers/catchAll/sequence" type="sequence"/>
      <layout_item collapsed="false" xpath="/process/sequence/scope/sequence" type="sequence"/>
      <layout_item collapsed="false" xpath="/process/sequence/scope/sequence/scope" type="scope" showhandlers="true"/>
      <layout_item collapsed="false" xpath="/process/sequence/scope/sequence/scope/sequence" type="sequence"/>
      <layout_item collapsed="false" xpath="/process/sequence/scope/sequence/scope/sequence/if/sequence" type="sequence"/>
      <layout_item collapsed="false" xpath="/process/sequence/scope/sequence/scope/sequence/if/sequence/forEach" type="foreach"/>
      <layout_item collapsed="false" xpath="/process/sequence/scope/sequence/scope/sequence/if/sequence/forEach/scope" type="scope" showhandlers="true"/>
      <layout_item collapsed="false" xpath="/process/sequence/scope/sequence/scope/sequence/if/sequence/forEach/scope/faultHandlers/catchAll" type="catchall"/>
      <layout_item collapsed="false" xpath="/process/sequence/scope/sequence/scope/sequence/if/sequence/forEach/scope/faultHandlers/catchAll/sequence" type="sequence"/>
      <layout_item collapsed="false" xpath="/process/sequence/scope/sequence/scope/sequence/if/sequence/forEach/scope/sequence" type="sequence"/>
      <layout_item collapsed="false" xpath="/process/sequence/scope/sequence/scope/sequence/if/sequence/forEach/scope/sequence/if/sequence" type="sequence"/>
      <layout_item collapsed="false" xpath="/process/sequence/scope/sequence/scope/sequence/if/sequence/forEach/scope/sequence/if/sequence/scope" type="scope" showhandlers="true"/>
      <layout_item collapsed="false" xpath="/process/sequence/scope/sequence/scope/sequence/if/sequence/forEach/scope/sequence/if/sequence/scope/faultHandlers/catchAll" type="catchall"/>
      <layout_item collapsed="false" xpath="/process/sequence/scope/sequence/scope/sequence/if/sequence/forEach/scope/sequence/if/sequence/scope/faultHandlers/catchAll/sequence" type="sequence"/>
      <layout_item collapsed="false" xpath="/process/sequence/scope/sequence/scope/sequence/if/sequence/forEach/scope/sequence/if/sequence/scope/sequence" type="sequence"/>
      <layout_item collapsed="false" xpath="/process/sequence/scope/sequence/scope/sequence/if/sequence/forEach/scope/sequence/if/sequence/scope/sequence/if/sequence" type="sequence"/>
      <layout_item collapsed="false" xpath="/process/sequence/scope/sequence/scope/sequence/if/sequence/forEach/scope/sequence/if/sequence/scope/sequence/if/elseif/sequence" type="sequence"/>
      <layout_item collapsed="false" xpath="/process/sequence/scope/sequence/scope/sequence/if/sequence/forEach/scope/sequence/if/sequence/scope/sequence/if/elseif/sequence" type="sequence"/>
      <layout_item collapsed="false" xpath="/process/sequence/scope/sequence/scope/sequence/if/sequence/forEach/scope/sequence/if/sequence/scope/sequence/if/else/sequence" type="sequence"/>
      <layout_item collapsed="false" xpath="/process/sequence/scope/sequence/scope/sequence/if/else/sequence" type="sequence"/>
   </graph_layout>
   <bookmarks/>
</graphics>
